"Dist Code","Year","State Code","State Name","Dist Name","CANALS AREA (1000 ha)","TANKS AREA (1000 ha)","TUBE WELLS AREA (1000 ha)","OTHER WELLS AREA (1000 ha)","TOTAL WELLS AREA (1000 ha)","OTHER SOURCES AREA (1000 ha)","NET AREA (1000 ha)","GROSS AREA (1000 ha)"
"1","2020","14","Chhattisgarh","Durg","63.42","0.69","40.43","0.2","40.63","2.15","106.9","151.37"
"2","2020","14","Chhattisgarh","Bastar","1.61","0.11","5.49","0.13","5.61","2.24","9.57","9.57"
"3","2020","14","Chhattisgarh","Raipur","108.81","2.03","23.68","0.13","23.82","1.28","135.94","153.4"
"4","2020","14","Chhattisgarh","Bilaspur","61.19","1.34","27.71","0.84","28.55","0.01","91.1","111.39"
"5","2020","14","Chhattisgarh","Raigarh","14.58","2.69","29.77","0.48","30.25","4.75","52.26","59.83"
"6","2020","14","Chhattisgarh","Surguja","3.89","0.47","4.94","1.1","6.04","6.32","16.72","17.8"
"7","2020","6","Madhya Pradesh","Jabalpur","18.2","1.58","195.85","12.74","208.59","51.02","279.39","484.0"
"8","2020","6","Madhya Pradesh","Balaghat","123.97","38.64","4.0","2.24","6.24","7.79","176.64","329.66"
"9","2020","6","Madhya Pradesh","Chhindwara","17.88","13.53","87.18","123.72","210.9","147.21","389.52","402.33"
"10","2020","6","Madhya Pradesh","Narsinghpur","0.92","0.07","35.42","2.38","37.8","41.34","80.12","470.05"
"11","2020","6","Madhya Pradesh","Seoni","120.71","19.52","26.75","45.02","71.77","48.54","260.55","326.24"
"12","2020","6","Madhya Pradesh","Mandla","27.8","1.82","8.35","9.99","18.34","20.48","68.44","105.26"
"13","2020","6","Madhya Pradesh","Sagar","17.75","25.69","104.53","135.66","240.19","208.7","492.32","547.61"
"14","2020","6","Madhya Pradesh","Damoh","13.63","20.59","75.21","35.86","111.07","143.8","289.09","308.69"
"15","2020","6","Madhya Pradesh","Tikamgarh","13.28","22.84","39.96","13.64","53.6","15.02","104.73","241.21"
"16","2020","6","Madhya Pradesh","Chhatarpur","44.6","5.53","91.32","160.53","251.86","66.53","368.51","403.22"
"17","2020","6","Madhya Pradesh","Panna","12.23","22.16","45.43","26.88","72.32","85.31","192.02","228.68"
"18","2020","6","Madhya Pradesh","Rewa","44.45","3.06","214.8","6.35","221.15","69.94","338.6","567.79"
"19","2020","6","Madhya Pradesh","Sidhi","19.18","3.54","78.34","5.52","83.86","8.28","114.86","195.49"
"20","2020","6","Madhya Pradesh","Satna","23.65","2.04","262.44","25.12","287.56","62.29","375.54","483.73"
"21","2020","6","Madhya Pradesh","Shahdol","19.27","1.66","27.65","7.27","34.93","10.08","65.95","87.39"
"22","2020","6","Madhya Pradesh","Gwalior","119.51","0.08","49.88","10.77","60.65","19.48","199.73","275.13"
"23","2020","6","Madhya Pradesh","Shivpuri","112.93","28.31","150.47","123.36","273.83","40.14","455.21","476.65"
"24","2020","6","Madhya Pradesh","Guna","15.79","8.78","147.25","97.83","245.08","66.19","335.83","340.87"
"25","2020","6","Madhya Pradesh","Datia","156.48","1.0","40.04","24.51","64.55","0.2","222.24","291.41"
"26","2020","6","Madhya Pradesh","Morena","36.34","0.38","202.96","16.81","219.77","13.64","270.13","283.36"
"27","2020","6","Madhya Pradesh","Bhind","56.22","1.38","197.88","10.83","208.7","8.22","274.52","314.8"
"28","2020","6","Madhya Pradesh","Indore","1.15","3.06","219.73","2.78","222.5","8.44","235.15","239.16"
"29","2020","6","Madhya Pradesh","Ratlam","18.02","20.51","132.61","87.11","219.71","30.36","288.61","299.58"
"30","2020","6","Madhya Pradesh","Ujjain","9.22","9.16","387.12","44.32","431.44","27.72","477.54","477.54"
"31","2020","6","Madhya Pradesh","Mandsaur","10.26","6.27","1.28","247.73","249.01","8.85","274.38","283.06"
"32","2020","6","Madhya Pradesh","Dewas","7.41","4.59","193.38","120.23","313.61","46.11","371.71","409.41"
"33","2020","6","Madhya Pradesh","Dhar","68.95","33.96","189.38","83.85","273.23","70.63","446.78","564.27"
"34","2020","6","Madhya Pradesh","Jhabua","17.81","44.94","3.99","21.64","25.62","45.44","133.81","136.9"
"35","2020","6","Madhya Pradesh","Khargone","45.4","8.28","90.27","160.66","250.93","64.42","369.02","618.08"
"36","2020","6","Madhya Pradesh","Khandwa","73.67","6.57","41.15","148.26","189.4","39.51","309.15","327.17"
"37","2020","6","Madhya Pradesh","Sehore","27.75","30.89","136.31","105.21","241.52","103.17","403.34","478.11"
"38","2020","6","Madhya Pradesh","Raisen","82.83","5.73","139.55","32.65","172.2","65.98","326.74","557.67"
"39","2020","6","Madhya Pradesh","Vidisha","68.84","26.14","212.66","61.06","273.72","143.85","512.55","537.06"
"40","2020","6","Madhya Pradesh","Betul","26.49","32.74","88.1","98.79","186.89","75.82","321.93","366.75"
"41","2020","6","Madhya Pradesh","Rajgarh","7.26","33.44","96.2","300.12","396.32","14.82","451.83","451.87"
"42","2020","6","Madhya Pradesh","Shajapur","5.24","19.82","105.64","96.13","201.77","34.45","261.28","266.07"
"43","2020","6","Madhya Pradesh","Hoshangabad","104.61","3.72","110.36","31.06","141.42","79.0","328.75","690.58"
"44","2020","1","Andhra Pradesh","Srikakulam","119.36","49.06","3.69","1.9","5.59","5.21","179.22","226.6"
"45","2020","1","Andhra Pradesh","Visakhapatnam","40.76","20.83","22.47","1.65","24.12","21.17","106.88","124.64"
"46","2020","1","Andhra Pradesh","East Godavari","165.88","23.73","62.63","0.03","62.66","18.63","270.88","476.85"
"47","2020","1","Andhra Pradesh","West Godavari","147.89","13.42","176.16","0.2","176.37","7.85","345.54","591.08"
"48","2020","1","Andhra Pradesh","Krishna","197.06","26.07","64.43","2.24","66.68","10.71","300.52","420.09"
"49","2020","1","Andhra Pradesh","Guntur","302.46","2.56","72.01","5.33","77.34","10.99","393.35","509.66"
"50","2020","1","Andhra Pradesh","S.P.S.Nellore","135.43","60.75","74.85","1.03","75.88","4.24","276.3","363.58"
"51","2020","1","Andhra Pradesh","Kurnool","95.97","10.5","104.83","10.19","115.02","20.0","241.49","315.83"
"52","2020","1","Andhra Pradesh","Anantapur","16.62","3.18","168.15","0.08","168.23","0.69","188.73","233.34"
"53","2020","1","Andhra Pradesh","Kadapa YSR","18.77","4.14","120.98","1.45","122.42","1.6","146.93","160.23"
"54","2020","1","Andhra Pradesh","Chittoor","1.53","23.61","130.66","8.15","138.81","0.0","163.95","211.02"
"55","2020","20","Telangana","Hyderabad","-1.0","-1.0","-1.0","-1.0","-1.0","-1.0","-1.0","-1.0"
"56","2020","20","Telangana","Nizamabad","111.16","3.51","98.02","1.15","99.17","3.91","217.75","393.49"
"57","2020","20","Telangana","Medak","33.16","3.94","58.63","0.0","58.63","0.04","95.77","154.22"
"58","2020","20","Telangana","Mahabubnagar","61.32","4.32","4.82","0.0","4.82","0.0","70.46","123.42"
"59","2020","20","Telangana","Nalgonda","209.59","6.7","4.91","0.11","5.02","0.96","222.27","408.26"
"60","2020","20","Telangana","Warangal","31.98","9.58","19.36","51.02","70.38","0.13","112.07","227.25"
"61","2020","20","Telangana","Khammam","188.87","12.02","7.6","4.16","11.76","1.45","214.09","352.73"
"62","2020","20","Telangana","Karimnagar","83.89","5.72","5.78","41.82","47.6","0.32","137.53","239.94"
"63","2020","20","Telangana","Adilabad","49.77","4.82","24.09","4.08","28.16","0.12","82.87","83.78"
"65","2020","5","Karnataka","Kolar","0.0","0.0","55.56","0.0","55.56","0.0","55.56","68.95"
"66","2020","5","Karnataka","Tumkur","0.0","0.82","241.88","0.65","242.53","0.0","243.35","263.11"
"67","2020","5","Karnataka","Mysore","86.82","11.39","69.2","2.86","72.05","0.6","170.86","210.13"
"68","2020","5","Karnataka","Mandya","148.62","29.14","21.34","18.0","39.34","2.88","219.99","225.79"
"69","2020","5","Karnataka","Hassan","56.91","24.68","52.88","0.43","53.31","13.71","148.61","197.23"
"70","2020","5","Karnataka","Shimoge","48.57","55.59","38.18","5.78","43.96","8.55","156.67","225.04"
"71","2020","5","Karnataka","Chickmagalur","4.03","11.62","50.0","0.4","50.4","27.56","93.61","116.48"
"72","2020","5","Karnataka","Chitradurga","0.0","0.0","121.77","0.0","121.77","0.0","121.77","178.89"
"73","2020","5","Karnataka","Bellary","128.2","2.73","100.52","1.85","102.37","31.44","264.75","401.1"
"74","2020","5","Karnataka","Dharwad","15.18","0.0","47.55","0.0","47.55","5.08","67.8","88.38"
"75","2020","5","Karnataka","Belgaum","69.71","0.89","108.12","97.88","206.01","372.75","649.35","863.54"
"76","2020","5","Karnataka","Bijapur","121.92","0.69","200.58","70.83","271.4","18.75","412.76","486.1"
"77","2020","5","Karnataka","Bidar","0.79","0.28","23.6","14.15","37.75","0.18","39.01","45.24"
"78","2020","5","Karnataka","Raichur","355.76","0.6","11.92","4.99","16.91","32.57","405.85","491.59"
"79","2020","5","Karnataka","Gulbarga","19.2","2.29","97.57","10.47","108.04","7.7","137.22","141.19"
"80","2020","5","Karnataka","Dakshina Kannada","0.0","0.0","91.9","46.99","138.9","20.13","159.03","161.57"
"81","2020","5","Karnataka","Uttara Kannada","0.0","6.54","21.28","11.54","32.82","21.68","61.04","72.52"
"82","2020","5","Karnataka","Kodagu","1.44","0.1","0.19","0.0","0.19","0.24","1.97","1.97"
"83","2020","11","Tamil Nadu","Kancheepuram","0.01","22.87","6.48","9.2","15.68","0.0","38.56","56.22"
"84","2020","11","Tamil Nadu","South Arcot Cuddalore","41.89","1.88","88.16","6.94","95.1","0.17","139.05","192.17"
"85","2020","11","Tamil Nadu","North Arcot Vellore","0.0","0.0","3.0","17.14","20.14","0.0","20.14","27.95"
"86","2020","11","Tamil Nadu","Salem","4.38","0.0","21.34","72.65","93.98","0.0","98.37","157.97"
"87","2020","11","Tamil Nadu","Coimbatore","16.85","0.2","33.22","64.43","97.65","0.0","114.71","119.14"
"88","2020","11","Tamil Nadu","Tiruchirapalli Trichy","32.21","0.93","9.47","30.61","40.08","0.0","73.22","87.53"
"89","2020","11","Tamil Nadu","Thanjavur","153.46","0.0","34.26","1.11","35.37","0.0","188.82","291.89"
"90","2020","11","Tamil Nadu","Madurai","8.77","12.5","1.68","47.69","49.36","0.0","70.64","75.73"
"91","2020","11","Tamil Nadu","Ramananthapuram","0.0","51.35","1.66","11.97","13.63","0.0","64.98","66.65"
"92","2020","11","Tamil Nadu","Thirunelveli","11.36","19.56","1.5","24.56","26.06","0.0","56.98","61.6"
"93","2020","11","Tamil Nadu","The Nilgiris","0.0","0.0","0.0","4.57","4.57","0.0","4.57","7.18"
"94","2020","11","Tamil Nadu","Kanyakumari","7.87","10.26","2.98","3.35","6.33","0.0","24.45","30.13"
"96","2020","7","Maharashtra","Thane","-1.0","-1.0","-1.0","-1.0","-1.0","-1.0","-1.0","-1.0"
"97","2020","7","Maharashtra","Raigarh","-1.0","-1.0","-1.0","-1.0","-1.0","-1.0","-1.0","-1.0"
"98","2020","7","Maharashtra","Ratnagiri","-1.0","-1.0","-1.0","-1.0","-1.0","-1.0","-1.0","-1.0"
"99","2020","7","Maharashtra","Nasik","-1.0","-1.0","-1.0","-1.0","-1.0","-1.0","-1.0","-1.0"
"100","2020","7","Maharashtra","Dhule","-1.0","-1.0","-1.0","-1.0","-1.0","-1.0","-1.0","-1.0"
"101","2020","7","Maharashtra","Jalgaon","-1.0","-1.0","-1.0","-1.0","-1.0","-1.0","-1.0","-1.0"
"102","2020","7","Maharashtra","Ahmednagar","-1.0","-1.0","-1.0","-1.0","-1.0","-1.0","-1.0","-1.0"
"103","2020","7","Maharashtra","Pune","-1.0","-1.0","-1.0","-1.0","-1.0","-1.0","-1.0","-1.0"
"104","2020","7","Maharashtra","Satara","-1.0","-1.0","-1.0","-1.0","-1.0","-1.0","-1.0","-1.0"
"105","2020","7","Maharashtra","Sangli","-1.0","-1.0","-1.0","-1.0","-1.0","-1.0","-1.0","-1.0"
"106","2020","7","Maharashtra","Solapur","-1.0","-1.0","-1.0","-1.0","-1.0","-1.0","-1.0","-1.0"
"107","2020","7","Maharashtra","Kolhapur","-1.0","-1.0","-1.0","-1.0","-1.0","-1.0","-1.0","-1.0"
"108","2020","7","Maharashtra","Aurangabad","-1.0","-1.0","-1.0","-1.0","-1.0","-1.0","-1.0","-1.0"
"109","2020","7","Maharashtra","Parbhani","-1.0","-1.0","-1.0","-1.0","-1.0","-1.0","-1.0","-1.0"
"110","2020","7","Maharashtra","Bid","-1.0","-1.0","-1.0","-1.0","-1.0","-1.0","-1.0","-1.0"
"111","2020","7","Maharashtra","Nanded","-1.0","-1.0","-1.0","-1.0","-1.0","-1.0","-1.0","-1.0"
"112","2020","7","Maharashtra","Osmanabad","-1.0","-1.0","-1.0","-1.0","-1.0","-1.0","-1.0","-1.0"
"113","2020","7","Maharashtra","Buldhana","-1.0","-1.0","-1.0","-1.0","-1.0","-1.0","-1.0","-1.0"
"114","2020","7","Maharashtra","Akola","-1.0","-1.0","-1.0","-1.0","-1.0","-1.0","-1.0","-1.0"
"115","2020","7","Maharashtra","Amarawati","-1.0","-1.0","-1.0","-1.0","-1.0","-1.0","-1.0","-1.0"
"116","2020","7","Maharashtra","Yeotmal","-1.0","-1.0","-1.0","-1.0","-1.0","-1.0","-1.0","-1.0"
"117","2020","7","Maharashtra","Wardha","-1.0","-1.0","-1.0","-1.0","-1.0","-1.0","-1.0","-1.0"
"118","2020","7","Maharashtra","Nagpur","-1.0","-1.0","-1.0","-1.0","-1.0","-1.0","-1.0","-1.0"
"119","2020","7","Maharashtra","Bhandara","-1.0","-1.0","-1.0","-1.0","-1.0","-1.0","-1.0","-1.0"
"120","2020","7","Maharashtra","Chandrapur","-1.0","-1.0","-1.0","-1.0","-1.0","-1.0","-1.0","-1.0"
"121","2020","3","Gujarat","Ahmedabad","76.92","28.54","54.02","28.48","82.5","32.92","220.88","425.55"
"122","2020","3","Gujarat","Amreli","3.32","1.99","151.08","103.76","254.84","0.0","260.16","496.9"
"123","2020","3","Gujarat","Banaskantha","64.92","0.5","324.54","35.82","360.37","0.0","425.79","1056.68"
"124","2020","3","Gujarat","Bharuch","43.22","8.14","25.78","26.24","52.02","1.69","105.06","206.71"
"125","2020","3","Gujarat","Vadodara","78.73","21.0","98.37","38.38","136.76","34.91","271.41","363.8"
"126","2020","3","Gujarat","Bhavnagar","42.7","17.8","9.93","58.87","68.8","0.0","129.29","324.81"
"127","2020","3","Gujarat","Valsad","21.67","14.54","3.77","24.2","27.97","39.74","103.92","156.29"
"128","2020","3","Gujarat","Dangs","0.0","3.06","0.0","1.38","1.38","0.0","4.44","13.12"
"129","2020","3","Gujarat","Jamnagar","36.85","6.85","72.11","156.66","228.78","44.57","317.05","425.99"
"130","2020","3","Gujarat","Junagadh","5.68","0.0","9.5","203.91","213.41","78.78","297.87","427.17"
"131","2020","3","Gujarat","Kheda","73.52","14.65","81.4","45.41","126.81","7.7","222.68","411.06"
"132","2020","3","Gujarat","Kutch","45.28","20.89","134.77","33.77","168.55","18.24","252.96","424.71"
"133","2020","3","Gujarat","Mehsana","66.56","4.41","126.14","6.51","132.65","6.99","210.61","387.93"
"134","2020","3","Gujarat","Panchmahal","14.48","7.72","2.34","15.56","17.9","0.96","41.06","99.7"
"135","2020","3","Gujarat","Rajkot","24.14","9.69","122.61","118.59","241.2","41.33","316.36","652.06"
"136","2020","3","Gujarat","Sabarkantha","20.3","9.68","78.48","107.65","186.13","11.3","227.42","349.18"
"137","2020","3","Gujarat","Surat","95.75","6.38","35.26","7.9","43.16","1.65","146.93","195.88"
"138","2020","3","Gujarat","Surendranagar","112.85","10.56","185.49","37.22","222.71","0.0","346.12","640.22"
"139","2020","10","Rajasthan","Ajmer","1.25","3.16","9.47","94.3","103.78","20.1","128.29","148.44"
"140","2020","10","Rajasthan","Alwar","0.0","0.0","406.66","43.27","449.93","0.0","449.93","532.72"
"141","2020","10","Rajasthan","Banswara","80.58","4.65","5.51","22.67","28.17","25.5","138.91","139.14"
"142","2020","10","Rajasthan","Barmer","24.11","0.0","171.53","139.31","310.83","0.71","335.66","461.93"
"143","2020","10","Rajasthan","Bharatpur","2.24","0.0","356.99","1.17","358.17","0.1","360.51","365.36"
"144","2020","10","Rajasthan","Bhilwara","12.82","1.82","26.42","184.5","210.92","2.19","227.75","270.24"
"145","2020","10","Rajasthan","Bikaner","313.5","0.0","293.8","0.0","293.8","0.0","607.3","923.55"
"146","2020","10","Rajasthan","Bundi","119.91","0.2","85.2","37.32","122.52","2.55","245.18","308.66"
"147","2020","10","Rajasthan","Chittorgarh","7.64","0.46","142.39","108.52","250.9","2.28","261.29","274.95"
"148","2020","10","Rajasthan","Churu","28.92","0.0","168.96","20.54","189.5","0.58","219.0","322.43"
"149","2020","10","Rajasthan","Dungarpur","8.97","1.49","10.57","36.99","47.57","0.92","58.95","59.54"
"150","2020","10","Rajasthan","Ganganagar","624.67","0.0","11.05","0.0","11.05","0.0","635.72","1142.29"
"151","2020","10","Rajasthan","Jaipur","1.33","0.02","235.97","49.55","285.51","0.21","287.07","358.0"
"152","2020","10","Rajasthan","Jaisalmer","103.63","0.01","114.71","2.02","116.72","0.0","220.37","531.97"
"153","2020","10","Rajasthan","Jalore","91.84","0.0","167.72","76.92","244.64","0.06","336.54","411.79"
"154","2020","10","Rajasthan","Jhalawar","13.04","0.35","46.06","237.13","283.19","2.61","299.19","322.01"
"155","2020","10","Rajasthan","Jhunjhunu","0.0","0.0","100.07","134.01","234.07","0.0","234.07","277.69"
"156","2020","10","Rajasthan","Jodhpur","9.97","0.0","554.64","8.08","562.72","0.84","573.53","980.27"
"157","2020","10","Rajasthan","Kota","131.34","0.02","80.62","37.2","117.82","0.0","249.18","297.78"
"158","2020","10","Rajasthan","Nagaur","0.0","0.0","252.54","46.6","299.14","0.89","300.02","393.57"
"159","2020","10","Rajasthan","Pali","20.2","8.27","29.53","116.12","145.66","0.35","174.47","188.97"
"160","2020","10","Rajasthan","Swami Madhopur","1.44","1.55","118.86","83.85","202.71","32.11","237.81","247.66"
"161","2020","10","Rajasthan","Sikar","0.0","0.0","214.07","4.89","218.96","0.1","219.06","271.36"
"162","2020","10","Rajasthan","Sirohi","0.88","1.49","7.53","94.16","101.69","0.0","104.06","139.46"
"163","2020","10","Rajasthan","Tonk","16.58","3.62","39.48","236.46","275.93","56.38","352.51","355.84"
"164","2020","10","Rajasthan","Udaipur","3.62","9.92","19.31","72.3","91.61","0.91","106.06","109.25"
"165","2020","9","Punjab","Gurdaspur","22.54","0.0","186.36","0.0","186.36","0.0","208.9","396.91"
"166","2020","9","Punjab","Amritsar","18.39","0.0","200.73","0.0","200.73","0.0","219.12","412.41"
"167","2020","9","Punjab","Kapurthala","0.0","0.0","131.77","0.0","131.77","0.0","131.77","266.45"
"168","2020","9","Punjab","Jalandhar","0.0","0.0","241.74","0.0","241.74","0.0","241.74","413.52"
"169","2020","9","Punjab","Hoshiarpur","2.27","0.0","200.62","0.0","200.62","0.0","202.88","313.81"
"170","2020","9","Punjab","Roopnagar","2.03","0.0","78.78","0.0","78.78","0.0","80.81","126.33"
"171","2020","9","Punjab","Ludhiana","0.0","0.0","298.77","0.0","298.77","0.0","298.77","565.95"
"172","2020","9","Punjab","Ferozpur","49.34","0.0","169.04","0.0","169.04","0.0","218.38","410.19"
"173","2020","9","Punjab","Faridkot","56.7","0.0","70.33","0.0","70.33","0.0","127.03","247.15"
"174","2020","9","Punjab","Bhatinda","224.1","0.0","69.15","0.0","69.15","0.0","293.25","557.11"
"175","2020","9","Punjab","Sangrur","74.71","0.0","181.57","0.0","181.57","0.0","256.28","510.94"
"176","2020","9","Punjab","Patiala","0.52","0.0","257.37","0.0","257.37","0.0","257.89","507.37"
"177","2020","4","Haryana","Hissar","206.08","0.0","104.93","0.0","104.93","0.0","311.01","608.57"
"178","2020","4","Haryana","Sirsa","268.7","0.0","121.17","0.0","121.17","0.0","389.87","756.35"
"179","2020","4","Haryana","Bhiwani","57.8","0.0","236.3","0.0","236.3","0.0","294.1","532.11"
"180","2020","4","Haryana","Gurgaon","0.0","0.0","117.47","0.0","117.47","0.0","117.47","118.52"
"181","2020","4","Haryana","Jind","210.05","0.0","43.74","0.0","43.74","0.0","253.79","400.88"
"182","2020","4","Haryana","Mahendragarh","1.2","0.0","151.17","0.0","151.17","0.0","152.37","285.97"
"183","2020","4","Haryana","Ambala","2.9","0.0","145.72","0.0","145.72","0.0","148.62","254.1"
"184","2020","4","Haryana","Karnal","56.56","0.0","143.89","0.0","143.89","0.0","200.44","399.24"
"185","2020","4","Haryana","Kurukshetra","28.0","0.0","114.76","0.0","114.76","0.0","142.76","291.25"
"186","2020","4","Haryana","Rohtak","87.53","0.0","65.57","0.0","65.57","0.0","153.09","183.24"
"187","2020","4","Haryana","Sonepat","23.7","0.0","128.88","0.0","128.88","0.0","152.58","328.16"
"188","2020","4","Haryana","Faridabad","0.0","0.0","31.1","0.0","31.1","0.0","31.1","127.63"
"189","2020","12","Uttar Pradesh","Saharanpur","-1.0","-1.0","-1.0","-1.0","-1.0","-1.0","-1.0","-1.0"
"190","2020","12","Uttar Pradesh","Muzaffarnagar","-1.0","-1.0","-1.0","-1.0","-1.0","-1.0","-1.0","-1.0"
"191","2020","12","Uttar Pradesh","Meerut","-1.0","-1.0","-1.0","-1.0","-1.0","-1.0","-1.0","-1.0"
"192","2020","12","Uttar Pradesh","Buland Shahar","-1.0","-1.0","-1.0","-1.0","-1.0","-1.0","-1.0","-1.0"
"193","2020","12","Uttar Pradesh","Ghaziabad","-1.0","-1.0","-1.0","-1.0","-1.0","-1.0","-1.0","-1.0"
"194","2020","12","Uttar Pradesh","Aligarh","-1.0","-1.0","-1.0","-1.0","-1.0","-1.0","-1.0","-1.0"
"195","2020","12","Uttar Pradesh","Mathura","-1.0","-1.0","-1.0","-1.0","-1.0","-1.0","-1.0","-1.0"
"196","2020","12","Uttar Pradesh","Agra","-1.0","-1.0","-1.0","-1.0","-1.0","-1.0","-1.0","-1.0"
"197","2020","12","Uttar Pradesh","Mainpuri","-1.0","-1.0","-1.0","-1.0","-1.0","-1.0","-1.0","-1.0"
"198","2020","12","Uttar Pradesh","Etah","-1.0","-1.0","-1.0","-1.0","-1.0","-1.0","-1.0","-1.0"
"199","2020","12","Uttar Pradesh","Bareilly","-1.0","-1.0","-1.0","-1.0","-1.0","-1.0","-1.0","-1.0"
"200","2020","12","Uttar Pradesh","Budaun","-1.0","-1.0","-1.0","-1.0","-1.0","-1.0","-1.0","-1.0"
"201","2020","12","Uttar Pradesh","Moradabad","-1.0","-1.0","-1.0","-1.0","-1.0","-1.0","-1.0","-1.0"
"202","2020","12","Uttar Pradesh","Shahjahanpur","-1.0","-1.0","-1.0","-1.0","-1.0","-1.0","-1.0","-1.0"
"203","2020","12","Uttar Pradesh","Pilibhit","-1.0","-1.0","-1.0","-1.0","-1.0","-1.0","-1.0","-1.0"
"204","2020","12","Uttar Pradesh","Rampur","-1.0","-1.0","-1.0","-1.0","-1.0","-1.0","-1.0","-1.0"
"205","2020","12","Uttar Pradesh","Bijnor","-1.0","-1.0","-1.0","-1.0","-1.0","-1.0","-1.0","-1.0"
"206","2020","12","Uttar Pradesh","Farrukhabad","-1.0","-1.0","-1.0","-1.0","-1.0","-1.0","-1.0","-1.0"
"207","2020","12","Uttar Pradesh","Etawah","-1.0","-1.0","-1.0","-1.0","-1.0","-1.0","-1.0","-1.0"
"209","2020","12","Uttar Pradesh","Fatehpur","-1.0","-1.0","-1.0","-1.0","-1.0","-1.0","-1.0","-1.0"
"210","2020","12","Uttar Pradesh","Allahabad","-1.0","-1.0","-1.0","-1.0","-1.0","-1.0","-1.0","-1.0"
"211","2020","12","Uttar Pradesh","Jhansi","-1.0","-1.0","-1.0","-1.0","-1.0","-1.0","-1.0","-1.0"
"212","2020","12","Uttar Pradesh","Lalitpur","-1.0","-1.0","-1.0","-1.0","-1.0","-1.0","-1.0","-1.0"
"213","2020","12","Uttar Pradesh","Jalaun","-1.0","-1.0","-1.0","-1.0","-1.0","-1.0","-1.0","-1.0"
"214","2020","12","Uttar Pradesh","Hamirpur","-1.0","-1.0","-1.0","-1.0","-1.0","-1.0","-1.0","-1.0"
"215","2020","12","Uttar Pradesh","Banda","-1.0","-1.0","-1.0","-1.0","-1.0","-1.0","-1.0","-1.0"
"216","2020","12","Uttar Pradesh","Varanasi","-1.0","-1.0","-1.0","-1.0","-1.0","-1.0","-1.0","-1.0"
"217","2020","12","Uttar Pradesh","Mirzpur","-1.0","-1.0","-1.0","-1.0","-1.0","-1.0","-1.0","-1.0"
"218","2020","12","Uttar Pradesh","Jaunpur","-1.0","-1.0","-1.0","-1.0","-1.0","-1.0","-1.0","-1.0"
"219","2020","12","Uttar Pradesh","Ghazipur","-1.0","-1.0","-1.0","-1.0","-1.0","-1.0","-1.0","-1.0"
"220","2020","12","Uttar Pradesh","Ballia","-1.0","-1.0","-1.0","-1.0","-1.0","-1.0","-1.0","-1.0"
"221","2020","12","Uttar Pradesh","Gorakhpur","-1.0","-1.0","-1.0","-1.0","-1.0","-1.0","-1.0","-1.0"
"222","2020","12","Uttar Pradesh","Deoria","-1.0","-1.0","-1.0","-1.0","-1.0","-1.0","-1.0","-1.0"
"223","2020","12","Uttar Pradesh","Basti","-1.0","-1.0","-1.0","-1.0","-1.0","-1.0","-1.0","-1.0"
"224","2020","12","Uttar Pradesh","Azamgarh","-1.0","-1.0","-1.0","-1.0","-1.0","-1.0","-1.0","-1.0"
"225","2020","12","Uttar Pradesh","Lucknow","-1.0","-1.0","-1.0","-1.0","-1.0","-1.0","-1.0","-1.0"
"226","2020","12","Uttar Pradesh","Unnao","-1.0","-1.0","-1.0","-1.0","-1.0","-1.0","-1.0","-1.0"
"227","2020","12","Uttar Pradesh","Rae - Bareily","-1.0","-1.0","-1.0","-1.0","-1.0","-1.0","-1.0","-1.0"
"228","2020","12","Uttar Pradesh","Sitapur","-1.0","-1.0","-1.0","-1.0","-1.0","-1.0","-1.0","-1.0"
"229","2020","12","Uttar Pradesh","Hardoi","-1.0","-1.0","-1.0","-1.0","-1.0","-1.0","-1.0","-1.0"
"230","2020","12","Uttar Pradesh","Kheri","-1.0","-1.0","-1.0","-1.0","-1.0","-1.0","-1.0","-1.0"
"231","2020","12","Uttar Pradesh","Faizabad","-1.0","-1.0","-1.0","-1.0","-1.0","-1.0","-1.0","-1.0"
"232","2020","12","Uttar Pradesh","Gonda","-1.0","-1.0","-1.0","-1.0","-1.0","-1.0","-1.0","-1.0"
"233","2020","12","Uttar Pradesh","Bahraich","-1.0","-1.0","-1.0","-1.0","-1.0","-1.0","-1.0","-1.0"
"234","2020","12","Uttar Pradesh","Sultanpur","-1.0","-1.0","-1.0","-1.0","-1.0","-1.0","-1.0","-1.0"
"235","2020","12","Uttar Pradesh","Pratapgarh","-1.0","-1.0","-1.0","-1.0","-1.0","-1.0","-1.0","-1.0"
"236","2020","12","Uttar Pradesh","Barabanki","-1.0","-1.0","-1.0","-1.0","-1.0","-1.0","-1.0","-1.0"
"237","2020","16","Uttarakhand","Nainital","12.95","0.03","10.38","0.2","10.57","1.0","24.55","36.42"
"238","2020","16","Uttarakhand","Almorah","2.93","0.0","0.0","0.0","0.0","3.07","6.0","10.71"
"239","2020","16","Uttarakhand","Pithorgarh","0.08","0.0","0.0","0.0","0.0","2.62","2.7","4.54"
"240","2020","16","Uttarakhand","Chamoli","0.35","0.0","0.0","0.0","0.0","1.2","1.55","2.92"
"241","2020","16","Uttarakhand","Uttar Kashi","3.85","0.0","0.0","0.0","0.0","1.37","5.23","8.74"
"242","2020","16","Uttarakhand","Tehri Garhwal","1.79","0.0","0.0","0.0","0.0","5.51","7.3","12.95"
"243","2020","16","Uttarakhand","Garhwal","1.5","0.0","0.71","0.0","0.71","2.31","4.52","7.28"
"244","2020","16","Uttarakhand","Dehradun","13.38","0.0","2.27","0.0","2.27","1.92","17.58","27.8"
"501","2020","14","Chhattisgarh","Rajnandgaon","37.52","0.64","66.35","0.67","67.02","4.31","109.48","175.39"
"502","2020","6","Madhya Pradesh","Bhopal","14.05","4.91","69.31","34.12","103.42","30.15","152.53","152.53"
"503","2020","1","Andhra Pradesh","Vizianagaram","43.19","53.81","29.72","3.95","33.67","2.41","133.07","161.54"
"504","2020","1","Andhra Pradesh","Prakasam","70.81","7.39","105.2","0.3","105.5","5.54","189.24","190.74"
"506","2020","11","Tamil Nadu","Dharmapuri","0.3","0.63","0.79","54.84","55.63","0.0","56.55","100.55"
"507","2020","11","Tamil Nadu","Periyar(Erode)","45.54","0.01","13.45","53.73","67.17","0.0","112.72","122.41"
"508","2020","11","Tamil Nadu","Pudukkottai","3.91","55.2","41.57","11.73","53.3","0.0","112.42","118.79"
"509","2020","11","Tamil Nadu","Dindigul Anna","5.08","3.67","12.69","60.98","73.67","0.94","83.36","85.1"
"510","2020","11","Tamil Nadu","Virudhunagar Kamarajar","0.0","18.94","0.32","30.37","30.69","0.0","49.63","55.76"
"512","2020","11","Tamil Nadu","Sivagangai Pasumpon","0.01","50.18","9.21","15.09","24.31","0.0","74.5","74.83"
"513","2020","11","Tamil Nadu","Chidambanar Toothukudi","9.79","7.72","0.84","18.84","19.68","0.0","37.19","40.87"
"514","2020","7","Maharashtra","Jalna","-1.0","-1.0","-1.0","-1.0","-1.0","-1.0","-1.0","-1.0"
"515","2020","7","Maharashtra","Latur","-1.0","-1.0","-1.0","-1.0","-1.0","-1.0","-1.0","-1.0"
"516","2020","7","Maharashtra","Gadchiroli","-1.0","-1.0","-1.0","-1.0","-1.0","-1.0","-1.0","-1.0"
"517","2020","7","Maharashtra","Sindhudurg","-1.0","-1.0","-1.0","-1.0","-1.0","-1.0","-1.0","-1.0"
"518","2020","3","Gujarat","Gandhinagar","3.26","0.0","123.58","0.0","123.58","0.0","126.84","186.04"
"519","2020","10","Rajasthan","Dholpur","8.8","0.05","112.01","12.08","124.09","0.04","132.98","135.07"
"520","2020","20","Telangana","Rangareddy","0.0","0.0","60.0","0.0","60.0","2.22","62.21","102.33"
"521","2020","11","Tamil Nadu","Thiruvannamalai","0.11","11.71","3.59","150.28","153.88","0.0","165.69","280.78"
"523","2020","4","Haryana","Yamunanagar","1.79","0.0","111.38","0.0","111.38","0.0","113.17","222.06"
"524","2020","4","Haryana","Kaithal","76.63","0.0","120.2","0.0","120.2","0.0","196.83","399.0"
"525","2020","4","Haryana","Panipat","40.14","0.0","57.8","0.0","57.8","0.0","97.94","197.24"
"526","2020","4","Haryana","Rewari","0.0","0.0","125.63","0.0","125.63","0.0","125.63","160.0"
"527","2020","16","Uttarakhand","Haridwar","12.95","0.0","95.3","0.76","96.06","1.73","110.74","157.73"
"528","2020","12","Uttar Pradesh","Firozabad","-1.0","-1.0","-1.0","-1.0","-1.0","-1.0","-1.0","-1.0"
"529","2020","12","Uttar Pradesh","Sonbhadra","-1.0","-1.0","-1.0","-1.0","-1.0","-1.0","-1.0","-1.0"
"530","2020","12","Uttar Pradesh","Mau","-1.0","-1.0","-1.0","-1.0","-1.0","-1.0","-1.0","-1.0"
"531","2020","12","Uttar Pradesh","Mahrajgani","-1.0","-1.0","-1.0","-1.0","-1.0","-1.0","-1.0","-1.0"
"532","2020","12","Uttar Pradesh","Sidharthnagar","-1.0","-1.0","-1.0","-1.0","-1.0","-1.0","-1.0","-1.0"
"533","2020","12","Uttar Pradesh","Mahoba","-1.0","-1.0","-1.0","-1.0","-1.0","-1.0","-1.0","-1.0"
"536","2020","10","Rajasthan","Baran","65.25","4.79","223.06","32.13","255.18","6.79","332.01","351.12"
"537","2020","10","Rajasthan","Dausa","0.0","0.0","138.23","16.86","155.09","0.04","155.13","157.71"
"538","2020","10","Rajasthan","Rajsamand","0.42","3.37","2.51","38.67","41.18","0.0","44.97","52.09"
"539","2020","10","Rajasthan","Hanumangarh","442.85","0.0","20.97","0.0","20.97","0.0","463.82","835.35"
"542","2020","11","Tamil Nadu","Nagapattinam","50.73","0.0","0.0","0.0","0.0","0.88","51.62","61.57"
"543","2020","11","Tamil Nadu","Villupuram","0.21","12.09","41.2","79.91","121.11","0.0","133.41","172.14"
"545","2020","9","Punjab","Mansa","137.29","0.0","47.12","0.0","47.12","0.0","184.42","366.18"
"546","2020","9","Punjab","Fatehgarh Sahib","0.03","0.0","101.95","0.0","101.95","0.0","101.99","190.1"
"547","2020","12","Uttar Pradesh","Kanpur Nagar","-1.0","-1.0","-1.0","-1.0","-1.0","-1.0","-1.0","-1.0"
"548","2020","12","Uttar Pradesh","Kanpur Dehat","-1.0","-1.0","-1.0","-1.0","-1.0","-1.0","-1.0","-1.0"
"549","2020","5","Karnataka","Bangalore(Rural)","0.0","0.0","28.8","0.0","28.8","0.0","28.8","34.51"
"550","2020","5","Karnataka","Bangalore(Urban)","0.0","0.0","15.69","0.0","15.69","0.0","15.69","18.06"
"601","2020","17","Assam","Cachar","2.44","0.0","0.0","0.0","0.0","0.0","2.44","3.82"
"602","2020","17","Assam","Darrang","4.25","0.0","0.56","17.8","18.36","0.19","22.8","23.66"
"603","2020","17","Assam","Dibrugarh","0.26","0.0","0.39","0.0","0.39","0.0","0.66","0.72"
"604","2020","17","Assam","Goalpara","0.18","0.0","0.0","25.02","25.02","2.27","27.46","27.46"
"605","2020","17","Assam","Kamrup","1.57","0.71","3.34","2.95","6.29","3.35","11.92","15.9"
"606","2020","17","Assam","Karbi Anglong","4.18","0.0","0.08","0.0","0.08","8.52","12.78","24.55"
"607","2020","17","Assam","Lakhimpur","0.32","0.29","0.56","0.01","0.56","26.36","27.53","27.68"
"608","2020","17","Assam","North Cachar Hil","1.02","0.0","0.0","0.0","0.0","0.0","1.02","1.02"
"609","2020","17","Assam","Nagaon","23.31","6.53","2.12","1.61","3.74","12.86","46.43","71.86"
"610","2020","17","Assam","Sibsagar","0.0","0.0","1.62","0.0","1.62","0.46","2.09","2.09"
"615","2020","17","Assam","Barpeta","6.08","0.0","0.5","0.0","0.5","50.47","57.04","75.06"
"616","2020","17","Assam","Dhubri","0.0","0.0","41.68","0.0","41.68","0.76","42.43","42.43"
"617","2020","17","Assam","Golaghat","0.42","0.0","0.07","0.0","0.07","0.0","0.49","0.49"
"618","2020","17","Assam","Jorhat","0.17","0.0","0.23","0.0","0.23","0.0","0.4","0.4"
"619","2020","17","Assam","Karimganj","2.79","0.0","0.29","0.0","0.29","0.0","3.08","3.08"
"620","2020","17","Assam","Kokrajhar","3.17","0.0","8.39","0.0","8.39","0.5","12.06","18.38"
"621","2020","17","Assam","Nalbari","1.15","0.31","11.52","0.71","12.23","11.91","25.6","50.69"
"622","2020","17","Assam","Sonitpur","0.41","0.06","2.42","0.03","2.46","7.57","10.49","11.76"
"626","2020","18","Himachal Pradesh","Bilashpur","0.0","0.0","0.53","0.04","0.57","6.26","6.84","7.01"
"627","2020","18","Himachal Pradesh","Chamba","0.0","0.0","0.0","0.0","0.0","3.43","3.43","6.56"
"628","2020","18","Himachal Pradesh","Hamirpur","0.0","0.0","0.02","0.01","0.02","1.69","1.71","3.07"
"629","2020","18","Himachal Pradesh","Kangra","0.01","0.0","4.4","0.11","4.51","31.1","35.62","67.22"
"630","2020","18","Himachal Pradesh","Kinnaur","0.0","0.0","0.0","0.0","0.0","5.57","5.57","7.62"
"631","2020","18","Himachal Pradesh","Kullu","0.0","0.0","0.0","0.0","0.0","2.39","2.39","2.39"
"632","2020","18","Himachal Pradesh","Lahul & Spiti","0.0","0.0","0.0","0.0","0.0","3.54","3.54","3.54"
"633","2020","18","Himachal Pradesh","Solan","0.0","0.0","1.73","1.46","3.19","6.06","9.25","21.07"
"634","2020","18","Himachal Pradesh","Mandi","0.0","0.0","0.1","0.0","0.1","15.1","15.2","25.86"
"635","2020","18","Himachal Pradesh","Shimla","0.0","0.0","0.0","0.0","0.0","2.17","2.17","3.45"
"636","2020","18","Himachal Pradesh","Sirmaur","3.31","0.2","1.91","1.15","3.06","7.94","14.51","27.87"
"637","2020","18","Himachal Pradesh","Una","0.0","0.0","16.36","0.05","16.41","0.23","16.64","28.51"
"651","2020","19","Kerala","Alappuzha","1.78","0.17","4.88","1.24","6.12","28.2","36.28","0.0"
"652","2020","19","Kerala","Kannur","0.08","0.96","0.5","5.39","5.89","4.21","11.14","0.0"
"653","2020","19","Kerala","Eranakulam","7.98","1.3","0.45","7.62","8.07","4.44","21.8","0.0"
"654","2020","19","Kerala","Idukki","1.44","20.69","6.76","7.38","14.13","7.61","43.88","0.0"
"655","2020","19","Kerala","Kottayam","0.74","0.18","0.07","2.33","2.4","13.54","16.86","0.0"
"656","2020","19","Kerala","Kozhikode","0.86","0.37","0.03","1.83","1.86","0.9","3.98","0.0"
"657","2020","19","Kerala","Malappuram","3.33","2.29","1.55","15.39","16.94","5.3","27.86","0.0"
"658","2020","19","Kerala","Palakkad","38.74","3.15","10.64","9.6","20.25","18.69","80.82","0.0"
"659","2020","19","Kerala","Kollam","1.55","0.03","0.01","1.94","1.95","1.13","4.66","0.0"
"660","2020","19","Kerala","Thrissur","17.44","2.98","1.11","33.56","34.67","7.91","63.0","0.0"
"661","2020","19","Kerala","Thiruvananthapuram","3.44","0.04","0.06","2.5","2.55","0.43","6.46","0.0"
"662","2020","19","Kerala","Kasaragod","0.25","11.25","15.03","23.0","38.03","2.62","52.14","0.0"
"663","2020","19","Kerala","Pathanamthitta","4.87","0.02","0.0","2.22","2.22","0.11","7.22","0.0"
"664","2020","19","Kerala","Wayanad","0.0","0.0","0.02","0.13","0.14","13.55","13.7","0.0"
"701","2020","8","Odisha","Balasore","-1.0","-1.0","-1.0","-1.0","-1.0","61.27","61.27","62.68"
"702","2020","8","Odisha","Bolangir","-1.0","-1.0","-1.0","-1.0","-1.0","9.4","9.4","10.14"
"703","2020","8","Odisha","Cuttack","-1.0","-1.0","-1.0","-1.0","-1.0","49.85","49.85","60.76"
"704","2020","8","Odisha","Dhenkanal","-1.0","-1.0","-1.0","-1.0","-1.0","14.62","14.62","15.05"
"705","2020","8","Odisha","Ganjam","-1.0","-1.0","-1.0","-1.0","-1.0","192.57","192.57","201.07"
"706","2020","8","Odisha","Kalahandi","-1.0","-1.0","-1.0","-1.0","-1.0","89.37","89.37","135.94"
"707","2020","8","Odisha","Keonjhar","-1.0","-1.0","-1.0","-1.0","-1.0","13.51","13.51","13.87"
"708","2020","8","Odisha","Koraput","-1.0","-1.0","-1.0","-1.0","-1.0","72.35","72.35","95.98"
"709","2020","8","Odisha","Mayurbhanja","-1.0","-1.0","-1.0","-1.0","-1.0","52.94","52.94","55.72"
"710","2020","8","Odisha","Phulbani(Kandhamal)","-1.0","-1.0","-1.0","-1.0","-1.0","2.81","2.81","2.9"
"711","2020","8","Odisha","Puri","-1.0","-1.0","-1.0","-1.0","-1.0","100.81","100.81","114.71"
"712","2020","8","Odisha","Sambalpur","-1.0","-1.0","-1.0","-1.0","-1.0","19.38","19.38","37.58"
"713","2020","8","Odisha","Sundargarh","-1.0","-1.0","-1.0","-1.0","-1.0","18.23","18.23","20.22"
"714","2020","8","Odisha","Bhadrak","-1.0","-1.0","-1.0","-1.0","-1.0","74.6","74.6","79.02"
"716","2020","8","Odisha","Jagatsinghapur","-1.0","-1.0","-1.0","-1.0","-1.0","51.76","51.76","57.93"
"717","2020","8","Odisha","Jajapur","-1.0","-1.0","-1.0","-1.0","-1.0","17.92","17.92","20.12"
"718","2020","8","Odisha","Kendrapara","-1.0","-1.0","-1.0","-1.0","-1.0","46.63","46.63","60.48"
"719","2020","8","Odisha","Angul","-1.0","-1.0","-1.0","-1.0","-1.0","9.06","9.06","9.94"
"720","2020","8","Odisha","Gajapati","-1.0","-1.0","-1.0","-1.0","-1.0","24.49","24.49","26.12"
"721","2020","8","Odisha","Nuapada","-1.0","-1.0","-1.0","-1.0","-1.0","10.98","10.98","15.64"
"722","2020","8","Odisha","Malkangiri","-1.0","-1.0","-1.0","-1.0","-1.0","11.61","11.61","13.57"
"723","2020","8","Odisha","Nawarangpur","-1.0","-1.0","-1.0","-1.0","-1.0","5.88","5.88","6.12"
"724","2020","8","Odisha","Rayagada","-1.0","-1.0","-1.0","-1.0","-1.0","35.93","35.93","38.93"
"725","2020","8","Odisha","Khurda","-1.0","-1.0","-1.0","-1.0","-1.0","17.88","17.88","20.27"
"726","2020","8","Odisha","Nayagarh","-1.0","-1.0","-1.0","-1.0","-1.0","7.49","7.49","8.06"
"728","2020","8","Odisha","Boudh","-1.0","-1.0","-1.0","-1.0","-1.0","24.8","24.8","26.35"
"729","2020","8","Odisha","Bargarh","-1.0","-1.0","-1.0","-1.0","-1.0","111.49","111.49","197.11"
"730","2020","8","Odisha","Deogarh","-1.0","-1.0","-1.0","-1.0","-1.0","3.47","3.47","4.2"
"731","2020","8","Odisha","Jharsuguda","-1.0","-1.0","-1.0","-1.0","-1.0","2.35","2.35","2.66"
"732","2020","8","Odisha","Sonepur","-1.0","-1.0","-1.0","-1.0","-1.0","46.77","46.77","82.64"
"801","2020","13","West Bengal","24 - Paraganas South","-1.0","-1.0","-1.0","-1.0","-1.0","-1.0","-1.0","-1.0"
"802","2020","13","West Bengal","24 - Paraganas North","-1.0","-1.0","-1.0","-1.0","-1.0","-1.0","-1.0","-1.0"
"803","2020","13","West Bengal","Nadia","-1.0","-1.0","-1.0","-1.0","-1.0","-1.0","-1.0","-1.0"
"804","2020","13","West Bengal","Murshidabad","-1.0","-1.0","-1.0","-1.0","-1.0","-1.0","-1.0","-1.0"
"805","2020","13","West Bengal","Burdwan","-1.0","-1.0","-1.0","-1.0","-1.0","-1.0","-1.0","-1.0"
"806","2020","13","West Bengal","Birbhum","-1.0","-1.0","-1.0","-1.0","-1.0","-1.0","-1.0","-1.0"
"807","2020","13","West Bengal","Bankura","-1.0","-1.0","-1.0","-1.0","-1.0","-1.0","-1.0","-1.0"
"810","2020","13","West Bengal","Hooghly","-1.0","-1.0","-1.0","-1.0","-1.0","-1.0","-1.0","-1.0"
"811","2020","13","West Bengal","Howrah","-1.0","-1.0","-1.0","-1.0","-1.0","-1.0","-1.0","-1.0"
"812","2020","13","West Bengal","Jalpaiguri","-1.0","-1.0","-1.0","-1.0","-1.0","-1.0","-1.0","-1.0"
"813","2020","13","West Bengal","Darjeeling","-1.0","-1.0","-1.0","-1.0","-1.0","-1.0","-1.0","-1.0"
"814","2020","13","West Bengal","Malda","-1.0","-1.0","-1.0","-1.0","-1.0","-1.0","-1.0","-1.0"
"815","2020","13","West Bengal","Kalimpong","-1.0","-1.0","-1.0","-1.0","-1.0","-1.0","-1.0","-1.0"
"816","2020","13","West Bengal","Cooch Behar","-1.0","-1.0","-1.0","-1.0","-1.0","-1.0","-1.0","-1.0"
"817","2020","13","West Bengal","Purulia","-1.0","-1.0","-1.0","-1.0","-1.0","-1.0","-1.0","-1.0"
"819","2020","13","West Bengal","Uttar Dinajpur","-1.0","-1.0","-1.0","-1.0","-1.0","-1.0","-1.0","-1.0"
"820","2020","13","West Bengal","Dakshin Dinajpur","-1.0","-1.0","-1.0","-1.0","-1.0","-1.0","-1.0","-1.0"
"821","2020","13","West Bengal","Kolkata","-1.0","-1.0","-1.0","-1.0","-1.0","-1.0","-1.0","-1.0"
"823","2020","13","West Bengal","East Midnapore Purba Midnapore","-1.0","-1.0","-1.0","-1.0","-1.0","-1.0","-1.0","-1.0"
"824","2020","13","West Bengal","West Midnapore","-1.0","-1.0","-1.0","-1.0","-1.0","-1.0","-1.0","-1.0"
"902","2020","2","Bihar","Muzaffarpur","24.17","0.0","69.73","0.0","69.73","3.94","97.84","182.11"
"903","2020","2","Bihar","Darbhanga","0.0","41.5","18.09","0.0","18.09","5.07","64.67","130.31"
"904","2020","2","Bihar","Saharsa","4.08","0.0","54.26","0.0","54.26","2.15","60.49","112.02"
"905","2020","2","Bihar","Purnea","8.9","0.0","50.02","0.0","50.02","1.27","60.19","123.02"
"906","2020","2","Bihar","Saran","21.47","0.29","75.44","0.0","75.44","0.39","97.59","107.47"
"907","2020","2","Bihar","Patna","20.5","0.0","45.86","8.81","54.67","0.76","75.93","151.02"
"908","2020","2","Bihar","Mungair","14.81","0.09","9.46","0.0","9.46","0.16","24.51","40.64"
"909","2020","2","Bihar","Bhagalpur","4.27","0.0","45.9","0.0","45.9","0.51","50.68","86.12"
"910","2020","15","Jharkhand","Santhal Paragana Dumka","0.51","3.94","0.75","1.69","2.44","6.5","13.39","14.34"
"912","2020","2","Bihar","Gaya","28.85","0.06","60.26","0.0","60.26","0.98","90.15","163.76"
"913","2020","15","Jharkhand","Hazaribagh","0.62","2.75","1.08","3.37","4.46","3.45","11.28","12.38"
"914","2020","15","Jharkhand","Dhanbad","0.0","0.47","0.0","0.0","0.0","0.34","0.82","0.86"
"915","2020","15","Jharkhand","Palamau","0.0","15.34","5.05","9.85","14.9","14.43","44.67","48.2"
"916","2020","15","Jharkhand","Ranchi","0.0","7.38","0.68","8.99","9.68","5.08","22.14","23.28"
"918","2020","2","Bihar","Nalanda","13.44","0.0","86.87","0.77","87.64","2.32","103.41","205.97"
"919","2020","2","Bihar","Nawada","19.9","0.0","48.0","0.0","48.0","2.69","70.59","127.27"
"920","2020","2","Bihar","Aurangabad","101.87","0.24","40.97","3.41","44.38","33.59","180.06","284.94"
"921","2020","2","Bihar","Bhojpur","82.03","0.0","37.19","0.94","38.13","3.98","124.14","218.67"
"922","2020","2","Bihar","Rohtas","164.05","0.0","23.05","6.22","29.27","24.84","218.16","415.37"
"923","2020","2","Bihar","Siwan","20.54","2.3","78.16","0.0","78.16","2.22","103.22","112.09"
"924","2020","2","Bihar","Gopalganj","32.67","0.0","42.6","0.0","42.6","0.18","75.46","98.09"
"925","2020","2","Bihar","Champaran(East)","28.3","0.0","89.64","0.0","89.64","0.84","118.78","232.34"
"926","2020","2","Bihar","Champaran(West)","93.46","0.0","64.98","0.0","64.98","0.56","159.0","314.22"
"927","2020","2","Bihar","Vaishali","0.0","0.21","60.22","0.0","60.22","5.06","65.49","125.25"
"928","2020","2","Bihar","Sitamarhi","0.0","2.74","96.0","0.0","96.0","1.15","99.88","197.91"
"929","2020","2","Bihar","Madhubani","45.15","0.18","37.62","0.0","37.62","0.31","83.26","163.73"
"930","2020","2","Bihar","Samastipur","0.0","0.0","106.91","0.0","106.91","0.64","107.55","241.1"
"931","2020","2","Bihar","Begusarai","0.0","0.55","121.55","0.0","121.55","0.26","122.36","147.35"
"932","2020","2","Bihar","Katihar","2.23","0.0","70.13","0.07","70.2","0.71","73.13","186.14"
"933","2020","15","Jharkhand","Giridih","0.0","8.62","5.23","10.87","16.1","7.17","31.88","35.0"
"934","2020","2","Bihar","Jehanabad","12.8","0.0","15.99","0.0","15.99","0.29","29.08","54.62"
"935","2020","2","Bihar","Madhepura","8.84","0.0","45.14","0.0","45.14","0.13","54.12","142.49"
"936","2020","2","Bihar","Khagaria","0.0","0.0","62.02","0.0","62.02","0.06","62.08","81.45"
"937","2020","15","Jharkhand","Godda","0.0","2.27","0.6","1.95","2.56","2.36","7.18","7.49"
"938","2020","15","Jharkhand","Sahebganj","0.0","1.05","0.68","1.23","1.92","0.34","3.31","3.63"
"940","2020","15","Jharkhand","Devghar Deogarh","0.0","3.82","1.27","1.72","3.0","3.52","10.34","11.07"
"941","2020","15","Jharkhand","Lohardagga","0.32","2.76","0.15","2.65","2.81","4.36","10.25","10.78"
"942","2020","15","Jharkhand","Gumla","0.16","2.66","0.7","2.47","3.17","3.26","9.25","9.8"
"943","2020","15","Jharkhand","Singhbhum East","0.38","0.32","0.17","0.25","0.42","0.62","1.74","1.82"
"944","2020","15","Jharkhand","Singhbhum West","0.11","0.36","0.0","0.2","0.2","0.22","0.89","0.92"
"945","2020","2","Bihar","Araria","14.77","0.0","28.83","0.0","28.83","0.05","43.65","78.04"
"946","2020","2","Bihar","Kishanganj","0.0","0.0","20.62","0.02","20.65","0.1","20.75","46.15"
"947","2020","2","Bihar","Buxar","36.71","0.21","41.22","0.16","41.38","5.13","83.44","167.16"
"948","2020","2","Bihar","Bhabhua Kaimur","61.16","0.0","60.69","0.0","60.69","9.81","131.66","244.03"
"949","2020","2","Bihar","Banka","49.52","0.31","57.49","1.7","59.19","0.74","109.76","137.69"
"950","2020","2","Bihar","Jamui","2.33","1.52","21.3","0.0","21.3","0.0","25.15","41.8"
"951","2020","2","Bihar","Supaul","15.2","0.0","50.44","0.0","50.44","1.78","67.42","167.48"
"952","2020","15","Jharkhand","Chatra","0.39","1.16","0.71","2.44","3.15","1.49","6.18","6.58"
"953","2020","15","Jharkhand","Bokaro","0.0","0.92","0.16","0.93","1.08","0.86","2.86","2.98"
"954","2020","15","Jharkhand","Gadva Garhwa","0.0","7.82","3.12","5.49","8.61","10.98","27.41","28.61"
"955","2020","15","Jharkhand","Khodrama Koderma","0.0","1.04","0.53","1.02","1.55","0.73","3.33","3.55"
"956","2020","2","Bihar","Lakhisarai","7.46","0.0","23.7","0.0","23.7","0.1","31.25","62.77"
"957","2020","15","Jharkhand","Pakund Pakur","0.0","1.69","0.89","1.08","1.98","1.95","5.62","5.95"
"958","2020","2","Bihar","Sheikapura","1.28","5.02","18.5","0.0","18.5","0.07","24.87","50.38"
"960","2020","2","Bihar","Sheohar","0.0","0.0","16.93","0.0","16.93","0.0","16.93","26.04"
"961","2020","2","Bihar","Arwal","14.21","0.0","3.5","0.0","3.5","0.01","17.72","28.47"
"962","2020","15","Jharkhand","Jamtara","0.21","1.08","0.19","1.36","1.55","1.06","3.9","4.12"
"963","2020","15","Jharkhand","Latehar","0.26","3.47","0.78","5.37","6.15","3.59","13.47","14.26"
"964","2020","15","Jharkhand","Sariakela Kharsawan","0.16","0.47","0.0","0.43","0.43","0.44","1.5","1.67"
"965","2020","15","Jharkhand","Simdega","0.39","0.69","0.51","0.75","1.26","1.31","3.65","3.95"
"999","2020","11","Tamil Nadu","Chennai","0.0","0.05","0.18","0.02","0.2","0.0","0.25","0.35"
"1001","2020","3","Gujarat","Anand","80.86","10.02","49.05","24.75","73.8","26.42","191.09","393.49"
"1002","2020","3","Gujarat","Dahod","3.88","6.58","6.71","8.47","15.18","7.66","33.3","366.72"
"1003","2020","3","Gujarat","Narmada","17.46","0.03","5.04","11.46","16.51","7.55","41.54","49.17"
"1004","2020","3","Gujarat","Navsari","35.16","3.08","12.16","9.84","22.0","1.33","61.57","99.3"
"1005","2020","3","Gujarat","Patan","52.74","0.91","126.45","7.9","134.35","17.0","205.0","333.31"
"1006","2020","3","Gujarat","Porbandar","0.0","0.0","0.0","104.51","104.51","12.02","116.53","141.59"
"1007","2020","4","Haryana","Fatehabad","63.41","0.0","153.95","0.0","153.95","0.0","217.35","436.79"
"1008","2020","4","Haryana","Jhajjar","51.67","0.0","81.85","0.0","81.85","0.0","133.52","266.82"
"1009","2020","4","Haryana","Panchkula","0.0","0.0","23.03","0.0","23.03","0.0","23.03","49.55"
"1010","2020","5","Karnataka","Bagalkote","44.04","0.0","177.58","2.08","179.66","137.55","361.25","425.8"
"1011","2020","5","Karnataka","Chamaraja Nagar","10.51","0.67","83.33","3.67","87.01","0.0","98.19","111.04"
"1012","2020","5","Karnataka","Davanagere","115.88","1.76","113.08","0.0","113.08","10.01","240.73","282.43"
"1013","2020","5","Karnataka","Gadag","34.02","3.04","49.97","0.49","50.46","12.58","100.09","124.09"
"1014","2020","5","Karnataka","Haveri","0.73","0.46","114.23","0.0","114.23","24.15","139.57","207.16"
"1015","2020","5","Karnataka","Koppal","40.39","2.91","118.99","0.0","118.99","0.17","162.47","204.32"
"1016","2020","5","Karnataka","Udupi","0.0","0.26","1.88","47.11","48.99","2.92","52.18","56.56"
"1017","2020","9","Punjab","S.B.S Nagar","0.16","0.0","93.33","0.0","93.33","0.0","93.49","173.54"
"1018","2020","9","Punjab","Shri Mukatsar Sahib","227.11","0.0","1.81","0.0","1.81","0.0","228.92","455.74"
"1019","2020","9","Punjab","Moga","0.0","0.0","193.8","0.0","193.8","0.0","193.8","387.81"
"1020","2020","10","Rajasthan","Karoli","0.47","1.62","125.45","9.19","134.64","9.19","145.92","146.66"
"1022","2020","11","Tamil Nadu","Karur","7.66","0.0","13.3","19.22","32.52","0.0","40.18","42.05"
"1023","2020","11","Tamil Nadu","Namakkal","4.33","0.0","10.1","44.83","54.93","2.26","61.52","90.54"
"1024","2020","11","Tamil Nadu","Perambular","0.0","0.04","2.27","22.34","24.61","0.0","24.66","30.27"
"1025","2020","11","Tamil Nadu","Theni","9.12","1.98","18.14","30.24","48.38","0.0","59.48","66.29"
"1026","2020","11","Tamil Nadu","Tiruvarur","148.0","0.0","0.0","0.0","0.0","0.0","148.0","211.31"
"1027","2020","11","Tamil Nadu","Thiruvallur","0.01","11.12","68.32","8.27","76.6","0.0","87.73","146.35"
"1028","2020","12","Uttar Pradesh","Ambedkar Nagar","-1.0","-1.0","-1.0","-1.0","-1.0","-1.0","-1.0","-1.0"
"1029","2020","12","Uttar Pradesh","Kushi Nagar Padrauna","-1.0","-1.0","-1.0","-1.0","-1.0","-1.0","-1.0","-1.0"
"1030","2020","16","Uttarakhand","Udham Singh Nagar","10.99","0.05","117.42","4.97","122.39","0.13","133.56","261.82"
"1031","2020","12","Uttar Pradesh","Auraiya","-1.0","-1.0","-1.0","-1.0","-1.0","-1.0","-1.0","-1.0"
"1032","2020","16","Uttarakhand","Bageshwar","4.04","0.0","0.0","0.0","0.0","0.63","4.66","8.88"
"1033","2020","12","Uttar Pradesh","Bagpat","-1.0","-1.0","-1.0","-1.0","-1.0","-1.0","-1.0","-1.0"
"1034","2020","12","Uttar Pradesh","Balrampur","-1.0","-1.0","-1.0","-1.0","-1.0","-1.0","-1.0","-1.0"
"1035","2020","16","Uttarakhand","Champavat","0.14","0.0","1.13","0.0","1.13","0.06","1.33","2.5"
"1036","2020","12","Uttar Pradesh","Chandauli","-1.0","-1.0","-1.0","-1.0","-1.0","-1.0","-1.0","-1.0"
"1037","2020","12","Uttar Pradesh","Chitrakoot","-1.0","-1.0","-1.0","-1.0","-1.0","-1.0","-1.0","-1.0"
"1038","2020","12","Uttar Pradesh","G.B.Nagar","-1.0","-1.0","-1.0","-1.0","-1.0","-1.0","-1.0","-1.0"
"1039","2020","12","Uttar Pradesh","Hathras","-1.0","-1.0","-1.0","-1.0","-1.0","-1.0","-1.0","-1.0"
"1040","2020","12","Uttar Pradesh","Amroha J.B.Fulenagar","-1.0","-1.0","-1.0","-1.0","-1.0","-1.0","-1.0","-1.0"
"1041","2020","12","Uttar Pradesh","Kannauj","-1.0","-1.0","-1.0","-1.0","-1.0","-1.0","-1.0","-1.0"
"1042","2020","12","Uttar Pradesh","Kushambi","-1.0","-1.0","-1.0","-1.0","-1.0","-1.0","-1.0","-1.0"
"1043","2020","16","Uttarakhand","Rudraprayag","1.59","0.0","0.0","0.0","0.0","0.26","1.85","3.32"
"1044","2020","12","Uttar Pradesh","Santh Ravi Das Nagar Bhadoi","-1.0","-1.0","-1.0","-1.0","-1.0","-1.0","-1.0","-1.0"
"1045","2020","12","Uttar Pradesh","Santh Kabir Nagar","-1.0","-1.0","-1.0","-1.0","-1.0","-1.0","-1.0","-1.0"
"1046","2020","12","Uttar Pradesh","Shravasti","-1.0","-1.0","-1.0","-1.0","-1.0","-1.0","-1.0","-1.0"
"1047","2020","17","Assam","Bongaigaon","0.7","0.0","0.0","0.0","0.0","13.03","13.73","24.99"
"1048","2020","17","Assam","Dhemaji","0.17","0.0","0.74","0.0","0.74","0.23","1.15","1.31"
"1049","2020","17","Assam","Hailakandi","0.16","0.0","0.0","0.0","0.0","0.0","0.16","0.36"
"1050","2020","17","Assam","Marigaon","8.53","1.45","5.36","0.0","5.36","11.09","26.42","45.06"
"1051","2020","17","Assam","Tinsukia","0.1","0.0","0.06","0.0","0.06","0.0","0.15","0.15"
"1055","2020","14","Chhattisgarh","Dantewara","0.0","0.0","0.19","0.0","0.19","0.0","0.19","0.19"
"1056","2020","14","Chhattisgarh","Dhamtari","72.58","0.11","29.55","0.46","30.01","0.65","103.36","163.93"
"1057","2020","6","Madhya Pradesh","Dindori","9.18","0.29","0.67","0.23","0.9","1.72","12.09","13.1"
"1058","2020","6","Madhya Pradesh","Harda","90.93","0.43","41.52","34.21","75.73","2.52","169.61","170.88"
"1059","2020","14","Chhattisgarh","Janjgir","212.18","1.55","29.0","0.28","29.29","1.3","244.31","244.31"
"1060","2020","6","Madhya Pradesh","Barwani","9.04","4.37","40.75","46.73","87.49","92.63","193.53","253.03"
"1061","2020","6","Madhya Pradesh","Katni","10.69","1.52","95.98","36.67","132.65","89.64","234.5","390.5"
"1062","2020","6","Madhya Pradesh","Neemuch","0.93","0.56","25.33","78.35","103.69","7.07","112.25","113.68"
"1063","2020","6","Madhya Pradesh","Sheopur Kalan","35.41","5.14","96.76","7.01","103.77","18.85","163.17","237.35"
"1064","2020","6","Madhya Pradesh","Umaria","3.08","2.55","45.16","4.78","49.94","23.12","78.69","92.83"
"1065","2020","14","Chhattisgarh","Koriya","1.82","0.17","2.06","0.66","2.72","1.17","5.89","6.63"
"1066","2020","14","Chhattisgarh","Jashpur","5.08","0.2","0.19","1.83","2.02","3.91","11.21","11.46"
"1067","2020","14","Chhattisgarh","Korba","5.07","0.31","1.84","0.44","2.28","0.36","8.01","8.01"
"1068","2020","14","Chhattisgarh","Kawardha","29.51","0.0","66.42","0.0","66.42","0.0","95.93","154.19"
"1069","2020","14","Chhattisgarh","Mahasmund","28.6","2.81","50.7","0.14","50.84","4.05","86.3","122.41"
"1070","2020","14","Chhattisgarh","Kanker","3.29","0.29","23.25","0.15","23.41","0.0","26.98","41.63"
"1071","2020","6","Madhya Pradesh","Anuppur","0.69","0.27","6.05","1.73","7.78","2.23","10.96","11.41"
"1072","2020","7","Maharashtra","Gondia","-1.0","-1.0","-1.0","-1.0","-1.0","-1.0","-1.0","-1.0"
"1073","2020","7","Maharashtra","Hingoli","-1.0","-1.0","-1.0","-1.0","-1.0","-1.0","-1.0","-1.0"
"1074","2020","7","Maharashtra","Nandurbar","-1.0","-1.0","-1.0","-1.0","-1.0","-1.0","-1.0","-1.0"
"1075","2020","7","Maharashtra","Washim","-1.0","-1.0","-1.0","-1.0","-1.0","-1.0","-1.0","-1.0"
"1076","2020","7","Maharashtra","Mumbai sub","-1.0","-1.0","-1.0","-1.0","-1.0","-1.0","-1.0","-1.0"
"1077","2020","11","Tamil Nadu","Ariyalur","3.55","2.52","28.13","2.09","30.22","0.0","36.28","46.97"
"1080","2020","11","Tamil Nadu","Krishnagiri","0.64","5.91","22.82","32.82","55.64","0.0","62.18","86.5"
"1081","2020","6","Madhya Pradesh","Ashoknagar","12.96","18.23","176.03","36.32","212.35","63.75","307.3","315.78"
"1082","2020","6","Madhya Pradesh","Burhanpur","1.03","0.44","48.19","32.41","80.59","20.24","102.31","134.2"
"2001","2020","3","Gujarat","Tapi","27.26","0.0","16.22","18.35","34.57","7.19","69.02","115.06"
"2002","2020","4","Haryana","Mewat","13.6","0.0","96.39","0.0","96.39","0.0","109.99","185.25"
"2003","2020","4","Haryana","Palwal","20.9","0.0","83.35","0.0","83.35","0.0","104.25","125.52"
"2004","2020","5","Karnataka","Ramanagaram","6.75","0.32","34.37","0.0","34.37","0.04","41.48","47.81"
"2005","2020","5","Karnataka","Chikkaballapur","0.0","0.0","51.76","0.0","51.76","0.0","51.76","63.02"
"2006","2020","6","Madhya Pradesh","Alirajpur","0.82","15.5","7.48","30.57","38.05","32.16","86.53","86.72"
"2007","2020","6","Madhya Pradesh","Singrauli","4.6","3.29","90.93","24.45","115.37","22.24","145.49","181.36"
"2009","2020","9","Punjab","Taran Taran","9.0","0.0","208.27","0.0","208.27","0.0","217.27","397.54"
"2010","2020","9","Punjab","Barnala","58.54","0.0","66.65","0.0","66.65","0.0","125.19","244.04"
"2011","2020","9","Punjab","S.A.S Nagar","0.0","0.0","85.9","0.0","85.9","0.0","85.9","99.96"
"2012","2020","10","Rajasthan","Pratapgarh","8.85","0.19","37.61","83.46","121.08","10.75","140.87","142.38"
"2013","2020","12","Uttar Pradesh","Kasganj Khansi Ram Nagar","-1.0","-1.0","-1.0","-1.0","-1.0","-1.0","-1.0","-1.0"
"2014","2020","14","Chhattisgarh","Bijapur","0.0","3.27","0.09","0.04","0.13","0.09","3.49","3.49"
"2015","2020","14","Chhattisgarh","Narayanpur","0.0","0.0","0.25","0.0","0.25","0.0","0.25","0.25"
"2017","2020","17","Assam","Udalguri","12.68","0.0","0.0","3.34","3.34","0.62","16.64","20.25"
"2018","2020","17","Assam","Baksa","22.34","0.0","0.02","0.0","0.02","0.0","22.35","22.35"
"2019","2020","17","Assam","Chirang","8.45","0.0","0.0","0.0","0.0","0.0","8.45","8.45"
"2020","2020","11","Tamil Nadu","Thiruppur","27.58","1.59","12.39","77.35","89.75","0.0","118.92","120.51"
"2023","2020","15","Jharkhand","Khunti","0.29","1.59","0.11","1.13","1.24","1.23","4.35","4.64"
"2024","2020","15","Jharkhand","Ramgadh","0.0","0.7","0.0","0.98","0.98","0.58","2.26","2.41"
"2025","2020","5","Karnataka","Yadagiri","168.0","7.92","17.19","4.55","21.74","31.77","229.44","250.74"
"2026","2020","12","Uttar Pradesh","Amethi C.S.M.Nagar","-1.0","-1.0","-1.0","-1.0","-1.0","-1.0","-1.0","-1.0"
"2027","2020","7","Maharashtra","Mumbai City","-1.0","-1.0","-1.0","-1.0","-1.0","-1.0","-1.0","-1.0"
"2028","2020","17","Assam","Kamrup(Metro)","0.8","0.04","0.02","0.0","0.02","0.08","0.94","1.25"
"2030","2020","9","Punjab","Pathankot","8.49","0.0","38.6","0.0","38.6","0.0","47.09","52.32"
"2031","2020","12","Uttar Pradesh","Sambhal","-1.0","-1.0","-1.0","-1.0","-1.0","-1.0","-1.0","-1.0"
"2032","2020","12","Uttar Pradesh","Shamli","-1.0","-1.0","-1.0","-1.0","-1.0","-1.0","-1.0","-1.0"
"2033","2020","12","Uttar Pradesh","Hapur","-1.0","-1.0","-1.0","-1.0","-1.0","-1.0","-1.0","-1.0"
"2034","2020","14","Chhattisgarh","Balod","68.83","2.98","22.91","0.38","23.29","1.46","96.56","134.27"
"2035","2020","14","Chhattisgarh","Baloda Bazar","91.81","1.07","19.34","1.48","20.82","2.26","115.97","134.44"
"2036","2020","14","Chhattisgarh","Balrampur","2.44","2.29","0.17","1.83","2.0","6.93","13.66","15.21"
"2037","2020","14","Chhattisgarh","Bemetra","13.12","1.66","94.66","0.27","94.92","0.67","110.38","218.71"
"2038","2020","14","Chhattisgarh","Gariaband","23.66","0.36","20.91","0.23","21.14","1.55","46.71","69.97"
"2039","2020","14","Chhattisgarh","Kondagaon","0.15","0.26","6.09","0.14","6.23","2.4","9.04","9.04"
"2040","2020","14","Chhattisgarh","Mungli","59.8","0.0","18.5","0.02","18.51","0.0","78.31","97.81"
"2041","2020","14","Chhattisgarh","Sukma","0.01","0.01","0.54","0.0","0.55","0.08","0.64","0.65"
"2042","2020","14","Chhattisgarh","Surajpur","0.65","0.68","7.7","1.87","9.57","4.07","14.98","18.06"
"2043","2020","9","Punjab","Fazilka","245.91","0.0","6.5","0.0","6.5","0.0","252.41","476.08"
"2044","2020","17","Assam","Biswanath","0.36","0.02","3.31","0.82","4.13","9.88","14.4","15.57"
"2045","2020","17","Assam","Charaideo","0.1","0.0","1.26","0.31","1.56","0.0","1.66","1.66"
"2046","2020","17","Assam","Hojai","1.14","0.0","0.08","0.0","0.08","0.44","1.67","2.73"
"2047","2020","17","Assam","Majuli","0.0","0.0","0.46","0.0","0.46","0.0","0.46","0.46"
"2048","2020","17","Assam","South Salmara - Mankachar","0.02","0.01","8.23","0.0","8.23","1.35","9.61","9.61"
"2049","2020","17","Assam","West Karbi Anglong","2.12","0.0","0.04","0.0","0.04","4.21","6.37","16.21"
"2050","2020","3","Gujarat","Aravalli","15.36","0.3","37.25","73.83","111.08","12.23","138.97","197.86"
"2051","2020","3","Gujarat","Botad","6.17","0.03","51.5","86.42","137.92","0.12","144.24","207.54"
"2052","2020","3","Gujarat","Chhota Udaipur","17.27","0.07","24.27","31.82","56.09","20.77","94.2","138.2"
"2053","2020","3","Gujarat","Devbhoomi Dwarka","4.65","1.02","103.97","65.76","169.74","0.08","175.49","228.61"
"2054","2020","3","Gujarat","Gir Somnath","0.0","2.15","14.04","77.83","91.87","7.51","101.53","181.73"
"2055","2020","3","Gujarat","Mahi Sagar","10.38","5.74","4.2","3.18","7.38","0.86","24.35","108.4"
"2056","2020","3","Gujarat","Morbi","85.66","4.53","10.06","44.31","54.38","2.27","146.84","255.19"
"2057","2020","4","Haryana","Charkhi Dadri","26.0","0.0","83.86","0.0","83.86","0.0","109.86","175.74"
"2058","2020","6","Madhya Pradesh","Agar Malwa","3.13","6.33","45.75","78.81","124.56","37.02","171.04","173.88"
"2059","2020","7","Maharashtra","Palghar","-1.0","-1.0","-1.0","-1.0","-1.0","-1.0","-1.0","-1.0"
"2060","2020","13","West Bengal","Alipurduar","-1.0","-1.0","-1.0","-1.0","-1.0","-1.0","-1.0","-1.0"
"2061","2020","13","West Bengal","Jhargram","-1.0","-1.0","-1.0","-1.0","-1.0","-1.0","-1.0","-1.0"
"2063","2020","13","West Bengal","Paschim Bardhaman","-1.0","-1.0","-1.0","-1.0","-1.0","-1.0","-1.0","-1.0"
"2101","2020","20","Telangana","Kumurambheem Asifabad","47.44","5.81","2.48","0.41","2.89","0.52","56.66","87.88"
"2102","2020","20","Telangana","Macherial","36.36","7.21","22.48","8.4","30.89","0.64","75.09","120.95"
"2103","2020","20","Telangana","Nirmal","41.73","6.41","24.95","6.36","31.31","1.16","80.61","158.7"
"2104","2020","20","Telangana","Jagityal","81.16","7.17","12.54","45.89","58.43","1.37","148.13","293.75"
"2105","2020","20","Telangana","Peddapally","75.58","10.04","0.99","3.99","4.99","0.18","90.79","185.37"
"2106","2020","20","Telangana","Rajanna Siricilla","29.67","7.9","34.73","19.03","53.76","0.64","91.97","134.28"
"2107","2020","20","Telangana","Bhadradri","48.08","24.9","25.76","0.21","25.97","2.34","101.28","126.4"
"2108","2020","20","Telangana","Jogulamba","86.85","0.59","31.96","2.73","34.69","4.16","126.29","161.42"
"2109","2020","20","Telangana","Nagarkurnool","92.95","2.25","68.84","0.67","69.51","8.1","172.81","178.97"
"2110","2020","20","Telangana","Wanaparthy","86.3","0.95","17.98","0.77","18.75","1.95","107.96","165.89"
"2111","2020","20","Telangana","Sangareddy","17.46","3.81","43.9","0.58","44.49","0.04","65.8","100.11"
"2112","2020","20","Telangana","Siddipet","62.69","5.63","69.35","18.38","87.73","0.03","156.08","224.9"
"2113","2020","20","Telangana","Suryapet","165.56","2.21","12.68","4.05","16.73","2.91","187.41","353.11"
"2114","2020","20","Telangana","Yadadri Bhuvanagiri","10.6","4.88","78.96","12.64","91.6","0.0","107.08","191.07"
"2115","2020","20","Telangana","Kamareddy","39.56","7.51","79.1","1.52","80.63","0.22","127.91","225.79"
"2116","2020","20","Telangana","Malkaigiri","0.0","0.36","12.02","0.0","12.02","0.51","12.88","18.0"
"2117","2020","20","Telangana","Vikarabad","0.98","2.25","49.65","1.17","50.82","0.32","54.38","89.42"
"2118","2020","20","Telangana","Jayashankar Bhuppaly","-1.0","-1.0","-1.0","-1.0","-1.0","-1.0","-1.0","-1.0"
"2119","2020","20","Telangana","Janagaon","22.05","8.29","62.4","6.17","68.58","0.0","98.91","142.32"
"2120","2020","20","Telangana","Warangal Urban","30.43","6.05","7.0","21.22","28.22","0.0","64.7","123.48"
"2121","2020","20","Telangana","Mahabubabad","40.61","7.98","15.97","51.59","67.56","0.29","116.44","200.74"
"2122","2020","20","Telangana","Narayanpet","32.0","0.6","13.31","0.0","13.31","3.68","49.59","88.97"
"2123","2020","20","Telangana","Mulugu","12.57","12.39","1.28","0.12","1.4","0.48","26.83","72.6"
"2124","2020","11","Tamil Nadu","Tenkasi","4.73","22.18","0.4","35.35","35.75","0.0","62.66","73.86"
"2125","2020","11","Tamil Nadu","Kallakurichi","0.42","12.97","4.17","78.91","83.08","0.0","96.47","134.36"
"2126","2020","11","Tamil Nadu","Tirupattur","0.0","0.0","5.83","17.81","23.64","0.0","23.64","29.19"
"2127","2020","11","Tamil Nadu","Ranipet","0.0","1.95","7.96","27.78","35.74","0.0","37.69","51.88"
"2128","2020","11","Tamil Nadu","Chengalpattu","0.0","32.3","6.85","24.21","31.06","0.0","63.36","76.83"
"2129","2020","11","Tamil Nadu","Mayiladuthurai","69.3","0.0","0.0","0.0","0.0","0.0","69.3","112.06"
"2130","2020","14","Chhattisgarh","Gaurela-Pendra-Marwahi?","1.24","0.06","3.08","0.26","3.34","0.14","4.78","7.34"
"2131","2020","6","Madhya Pradesh","Niwari","6.06","0.28","11.73","53.78","65.52","3.2","75.06","88.93"